{"cameraMode":{"drawMode":0,"name":"Shaded","section":"Shading Mode"},"sceneLighting":false,"audioPlay":false,"sceneViewState":{"showFog":true,"showMaterialUpdate":false,"showSkybox":true,"showFlares":true,"showImageEffects":true,"showParticleSystems":true},"in2DMode":false,"pivot":{"x":0.0,"y":0.04707690700888634,"z":0.2039160132408142},"rotation":{"x":0.189406156539917,"y":0.15470845997333527,"z":-0.030234986916184427,"w":0.9691628217697144},"size":21.178558349609376,"orthographic":false}