{"cameraMode":{"drawMode":0,"name":"Shaded","section":"Shading Mode"},"sceneLighting":false,"audioPlay":false,"sceneViewState":{"showFog":true,"showMaterialUpdate":false,"showSkybox":true,"showFlares":true,"showImageEffects":true,"showParticleSystems":true},"in2DMode":false,"pivot":{"x":42.176570892333987,"y":-14.127596855163575,"z":26.342382431030275},"rotation":{"x":-0.32739630341529848,"y":0.048509739339351657,"z":-0.01670503430068493,"w":-0.9434931874275208},"size":78.78902435302735,"orthographic":false}