{"cameraMode":{"drawMode":0,"name":"Shaded","section":"Shading Mode"},"sceneLighting":false,"audioPlay":false,"sceneViewState":{"showFog":true,"showMaterialUpdate":false,"showSkybox":true,"showFlares":true,"showImageEffects":true,"showParticleSystems":true},"in2DMode":false,"pivot":{"x":3.0999999046325685,"y":0.5149998068809509,"z":0.0},"rotation":{"x":-0.09918691217899323,"y":-0.7478217482566834,"z":0.11505357921123505,"w":-0.6462873816490173},"size":10.033970832824707,"orthographic":false}