{"cameraMode":{"drawMode":0,"name":"Shaded","section":"Shading Mode"},"sceneLighting":false,"audioPlay":false,"sceneViewState":{"showFog":true,"showMaterialUpdate":false,"showSkybox":true,"showFlares":true,"showImageEffects":true,"showParticleSystems":true},"in2DMode":false,"pivot":{"x":-0.27782464027404787,"y":1.7085598707199097,"z":3.7900848388671877},"rotation":{"x":0.029384145513176919,"y":0.9584773182868958,"z":-0.10834546387195587,"w":0.26214340329170229},"size":6.000714302062988,"orthographic":false}