{"cameraMode":{"drawMode":0,"name":"Shaded","section":"Shading Mode"},"sceneLighting":false,"audioPlay":false,"sceneViewState":{"showFog":true,"showMaterialUpdate":false,"showSkybox":true,"showFlares":true,"showImageEffects":true,"showParticleSystems":true},"in2DMode":false,"pivot":{"x":-0.2831989526748657,"y":1.5295264720916749,"z":1.222549319267273},"rotation":{"x":0.011801653541624546,"y":-0.7382242679595947,"z":0.012920443899929524,"w":0.6743283867835999},"size":22.0,"orthographic":false}