{"cameraMode":{"drawMode":0,"name":"Shaded","section":"Shading Mode"},"sceneLighting":false,"audioPlay":false,"sceneViewState":{"showFog":true,"showMaterialUpdate":false,"showSkybox":true,"showFlares":true,"showImageEffects":true,"showParticleSystems":true},"in2DMode":false,"pivot":{"x":0.05797462910413742,"y":4.803542137145996,"z":0.0023156702518463136},"rotation":{"x":0.3320636749267578,"y":0.6630476713180542,"z":-0.4221545457839966,"w":0.5214278697967529},"size":22.04751205444336,"orthographic":false}