{"cameraMode":{"drawMode":0,"name":"Shaded","section":"Shading Mode"},"sceneLighting":false,"audioPlay":false,"sceneViewState":{"showFog":true,"showMaterialUpdate":false,"showSkybox":true,"showFlares":true,"showImageEffects":true,"showParticleSystems":true},"in2DMode":false,"pivot":{"x":24.005001068115236,"y":3.0099997520446779,"z":-36.0},"rotation":{"x":0.14554965496063233,"y":0.45758625864982607,"z":-0.07611691206693649,"w":0.8738629221916199},"size":17.19493865966797,"orthographic":false}