{"cameraMode":{"drawMode":0,"name":"Shaded","section":"Shading Mode"},"sceneLighting":false,"audioPlay":false,"sceneViewState":{"showFog":true,"showMaterialUpdate":false,"showSkybox":true,"showFlares":true,"showImageEffects":true,"showParticleSystems":true},"in2DMode":false,"pivot":{"x":0.0,"y":3.016000509262085,"z":0.00500035285949707},"rotation":{"x":0.006497726775705814,"y":-0.06362834572792053,"z":-0.0002933391369879246,"w":-0.9979525208473206},"size":17.217853546142579,"orthographic":false}