{"cameraMode":{"drawMode":0,"name":"Shaded","section":"Shading Mode"},"sceneLighting":false,"audioPlay":false,"sceneViewState":{"showFog":true,"showMaterialUpdate":false,"showSkybox":true,"showFlares":true,"showImageEffects":true,"showParticleSystems":true},"in2DMode":false,"pivot":{"x":1.1266776323318482,"y":0.7099612951278687,"z":-1.632953405380249},"rotation":{"x":-0.2749447226524353,"y":-0.4585573077201843,"z":0.1518443375825882,"w":-0.8313086032867432},"size":3.5209381580352785,"orthographic":false}