{"cameraMode":{"drawMode":0,"name":"Shaded","section":"Shading Mode"},"sceneLighting":false,"audioPlay":false,"sceneViewState":{"showFog":true,"showMaterialUpdate":false,"showSkybox":true,"showFlares":true,"showImageEffects":true,"showParticleSystems":true},"in2DMode":false,"pivot":{"x":-3.5299999713897707,"y":4.789999961853027,"z":1.1920928955078126e-7},"rotation":{"x":-0.11209801584482193,"y":-0.032698117196559909,"z":0.004008184187114239,"w":-0.9931509494781494},"size":7.2880859375,"orthographic":false}