{"cameraMode":{"drawMode":0,"name":"Shaded","section":"Shading Mode"},"sceneLighting":false,"audioPlay":false,"sceneViewState":{"showFog":true,"showMaterialUpdate":false,"showSkybox":true,"showFlares":true,"showImageEffects":true,"showParticleSystems":true},"in2DMode":false,"pivot":{"x":0.1130201518535614,"y":0.006155208218842745,"z":0.009379261173307896},"rotation":{"x":0.23319074511528016,"y":-0.31324437260627749,"z":0.07970140129327774,"w":0.9171411395072937},"size":14.794393539428711,"orthographic":false}