{"cameraMode":{"drawMode":0,"name":"Shaded","section":"Shading Mode"},"sceneLighting":false,"audioPlay":false,"sceneViewState":{"showFog":true,"showMaterialUpdate":false,"showSkybox":true,"showFlares":true,"showImageEffects":true,"showParticleSystems":true},"in2DMode":false,"pivot":{"x":0.0,"y":1.818457007408142,"z":1.975000023841858},"rotation":{"x":-0.015980035066604615,"y":-0.040289003401994708,"z":0.0007655324880033732,"w":-0.9990600347518921},"size":1.7553949356079102,"orthographic":false}