{"cameraMode":{"drawMode":0,"name":"Shaded","section":"Shading Mode"},"sceneLighting":false,"audioPlay":false,"sceneViewState":{"showFog":true,"showMaterialUpdate":false,"showSkybox":true,"showFlares":true,"showImageEffects":true,"showParticleSystems":true},"in2DMode":false,"pivot":{"x":5.960464477539063e-8,"y":3.7850000858306886,"z":1.2199997901916505},"rotation":{"x":0.7059608697891235,"y":0.08410313725471497,"z":0.08551902323961258,"w":-0.6980204582214356},"size":1.0721063613891602,"orthographic":false}