{"cameraMode":{"drawMode":0,"name":"Shaded","section":"Shading Mode"},"sceneLighting":false,"audioPlay":false,"sceneViewState":{"showFog":true,"showMaterialUpdate":false,"showSkybox":true,"showFlares":true,"showImageEffects":true,"showParticleSystems":true},"in2DMode":false,"pivot":{"x":24.005001068115236,"y":3.0099997520446779,"z":-36.0},"rotation":{"x":0.006497726775705814,"y":-0.06362834572792053,"z":-0.0002933391369879246,"w":-0.9979525208473206},"size":17.19493865966797,"orthographic":false}