{"cameraMode":{"drawMode":0,"name":"Shaded","section":"Shading Mode"},"sceneLighting":false,"audioPlay":false,"sceneViewState":{"showFog":true,"showMaterialUpdate":false,"showSkybox":true,"showFlares":true,"showImageEffects":true,"showParticleSystems":true},"in2DMode":false,"pivot":{"x":-0.2831989526748657,"y":1.5295264720916749,"z":1.222549319267273},"rotation":{"x":0.05137578770518303,"y":0.4123521149158478,"z":-0.023431364446878434,"w":0.9092729091644287},"size":22.0,"orthographic":false}