{"cameraMode":{"drawMode":0,"name":"Shaded","section":"Shading Mode"},"sceneLighting":false,"audioPlay":false,"sceneViewState":{"showFog":true,"showMaterialUpdate":false,"showSkybox":true,"showFlares":true,"showImageEffects":true,"showParticleSystems":true},"in2DMode":false,"pivot":{"x":-0.45853978395462038,"y":-10.412599563598633,"z":7.363854885101318},"rotation":{"x":-0.44656482338905337,"y":-0.015134410932660103,"z":0.007742898538708687,"w":-0.8945898413658142},"size":17.82361602783203,"orthographic":false}