{"cameraMode":{"drawMode":0,"name":"Shaded","section":"Shading Mode"},"sceneLighting":false,"audioPlay":false,"sceneViewState":{"showFog":true,"showMaterialUpdate":false,"showSkybox":true,"showFlares":true,"showImageEffects":true,"showParticleSystems":true},"in2DMode":false,"pivot":{"x":0.058641403913497928,"y":2.273904323577881,"z":0.14841505885124207},"rotation":{"x":0.28494685888290408,"y":0.15598510205745698,"z":0.04718276858329773,"w":-0.9445887207984924},"size":7.870377063751221,"orthographic":false}