{"cameraMode":{"drawMode":0,"name":"Shaded","section":"Shading Mode"},"sceneLighting":false,"audioPlay":false,"sceneViewState":{"showFog":true,"showMaterialUpdate":false,"showSkybox":true,"showFlares":true,"showImageEffects":true,"showParticleSystems":true},"in2DMode":false,"pivot":{"x":-10.130000114440918,"y":3.0000009536743166,"z":-2.999999761581421},"rotation":{"x":0.09808511286973953,"y":-0.07122284173965454,"z":0.007090587168931961,"w":0.9926007986068726},"size":14.000761032104493,"orthographic":false}