{"cameraMode":{"drawMode":0,"name":"Shaded","section":"Shading Mode"},"sceneLighting":false,"audioPlay":false,"sceneViewState":{"showFog":true,"showMaterialUpdate":false,"showSkybox":true,"showFlares":true,"showImageEffects":true,"showParticleSystems":true},"in2DMode":false,"pivot":{"x":-0.1400001049041748,"y":1.6370702981948853,"z":0.800000011920929},"rotation":{"x":-0.04222949221730232,"y":-0.10304426401853562,"z":0.004683139733970165,"w":-0.9937689304351807},"size":10.908307075500489,"orthographic":false}