{"cameraMode":{"drawMode":0,"name":"Shaded","section":"Shading Mode"},"sceneLighting":false,"audioPlay":false,"sceneViewState":{"showFog":true,"showMaterialUpdate":false,"showSkybox":true,"showFlares":true,"showImageEffects":true,"showParticleSystems":true},"in2DMode":false,"pivot":{"x":14.859999656677246,"y":4.747969150543213,"z":11.9399995803833},"rotation":{"x":-0.03747190162539482,"y":0.032304294407367709,"z":-0.001091126585379243,"w":-0.9987748265266419},"size":9.40532398223877,"orthographic":false}