{"cameraMode":{"drawMode":0,"name":"Shaded","section":"Shading Mode"},"sceneLighting":false,"audioPlay":false,"sceneViewState":{"showFog":true,"showMaterialUpdate":false,"showSkybox":true,"showFlares":true,"showImageEffects":true,"showParticleSystems":true},"in2DMode":false,"pivot":{"x":3.0999999046325685,"y":6.514999866485596,"z":0.0},"rotation":{"x":-0.09301402419805527,"y":0.5749251246452332,"z":-0.06547398120164871,"w":-0.8102608323097229},"size":10.033970832824707,"orthographic":false}