{"cameraMode":{"drawMode":0,"name":"Shaded","section":"Shading Mode"},"sceneLighting":false,"audioPlay":false,"sceneViewState":{"showFog":true,"showMaterialUpdate":false,"showSkybox":true,"showFlares":true,"showImageEffects":true,"showParticleSystems":true},"in2DMode":false,"pivot":{"x":-36.20942687988281,"y":-5.877457141876221,"z":0.18467608094215394},"rotation":{"x":0.007058676332235336,"y":0.9720495343208313,"z":-0.2326442152261734,"w":0.03076719492673874},"size":6.7235941886901859,"orthographic":false}