{"cameraMode":{"drawMode":0,"name":"Shaded","section":"Shading Mode"},"sceneLighting":false,"audioPlay":false,"sceneViewState":{"showFog":true,"showMaterialUpdate":false,"showSkybox":true,"showFlares":true,"showImageEffects":true,"showParticleSystems":true},"in2DMode":false,"pivot":{"x":-0.1400001049041748,"y":1.6370702981948853,"z":0.800000011920929},"rotation":{"x":-0.13585875928401948,"y":0.39262938499450686,"z":0.05860301852226257,"w":0.9077171087265015},"size":-2.132209539413452,"orthographic":false}