{"cameraMode":{"drawMode":0,"name":"Shaded","section":"Shading Mode"},"sceneLighting":false,"audioPlay":false,"sceneViewState":{"showFog":true,"showMaterialUpdate":false,"showSkybox":true,"showFlares":true,"showImageEffects":true,"showParticleSystems":true},"in2DMode":false,"pivot":{"x":0.7031598091125488,"y":5.76240348815918,"z":-5.771793842315674},"rotation":{"x":-0.0047205775044858459,"y":-0.9865677356719971,"z":-0.03064003773033619,"w":0.16038376092910767},"size":20.841140747070314,"orthographic":false}