{"cameraMode":{"drawMode":0,"name":"Shaded","section":"Shading Mode"},"sceneLighting":false,"audioPlay":false,"sceneViewState":{"showFog":true,"showMaterialUpdate":false,"showSkybox":true,"showFlares":true,"showImageEffects":true,"showParticleSystems":true},"in2DMode":false,"pivot":{"x":-0.0049991607666015629,"y":52.30999755859375,"z":0.004999756813049316},"rotation":{"x":-0.5533183813095093,"y":-0.024191049858927728,"z":0.01598404534161091,"w":-0.8324650526046753},"size":69.50965881347656,"orthographic":false}