{"cameraMode":{"drawMode":0,"name":"Shaded","section":"Shading Mode"},"sceneLighting":false,"audioPlay":false,"sceneViewState":{"showFog":true,"showMaterialUpdate":false,"showSkybox":true,"showFlares":true,"showImageEffects":true,"showParticleSystems":true},"in2DMode":false,"pivot":{"x":-1.5,"y":5.000002384185791,"z":14.69999885559082},"rotation":{"x":-0.005227293819189072,"y":-0.9713436961174011,"z":0.23667433857917787,"w":-0.02120271883904934},"size":31.566328048706056,"orthographic":false}