{"cameraMode":{"drawMode":0,"name":"Shaded","section":"Shading Mode"},"sceneLighting":false,"audioPlay":false,"sceneViewState":{"showFog":true,"showMaterialUpdate":false,"showSkybox":true,"showFlares":true,"showImageEffects":true,"showParticleSystems":true},"in2DMode":false,"pivot":{"x":-0.004999637603759766,"y":3.009999990463257,"z":0.004999995231628418},"rotation":{"x":-0.2245592176914215,"y":0.008084213361144066,"z":-0.0016208046581596137,"w":-0.9744256138801575},"size":12.657637596130371,"orthographic":false}