{"cameraMode":{"drawMode":0,"name":"Shaded","section":"Shading Mode"},"sceneLighting":false,"audioPlay":false,"sceneViewState":{"showFog":true,"showMaterialUpdate":false,"showSkybox":true,"showFlares":true,"showImageEffects":true,"showParticleSystems":true},"in2DMode":false,"pivot":{"x":-0.0007433295249938965,"y":0.26058870553970339,"z":-1.1920928955078126e-7},"rotation":{"x":-0.01618671603500843,"y":0.9651362299919128,"z":-0.06023088097572327,"w":-0.2542092204093933},"size":8.017148971557618,"orthographic":false}