{"cameraMode":{"drawMode":0,"name":"Shaded","section":"Shading Mode"},"sceneLighting":false,"audioPlay":false,"sceneViewState":{"showFog":true,"showMaterialUpdate":false,"showSkybox":true,"showFlares":true,"showImageEffects":true,"showParticleSystems":true},"in2DMode":false,"pivot":{"x":34.29999923706055,"y":30.75,"z":-36.099998474121097},"rotation":{"x":-0.11206924915313721,"y":-0.1423744559288025,"z":0.016349410638213159,"w":-0.9833121299743652},"size":86.79768371582031,"orthographic":false}