{"cameraMode":{"drawMode":0,"name":"Shaded","section":"Shading Mode"},"sceneLighting":false,"audioPlay":false,"sceneViewState":{"showFog":true,"showMaterialUpdate":false,"showSkybox":true,"showFlares":true,"showImageEffects":true,"showParticleSystems":true},"in2DMode":false,"pivot":{"x":0.0,"y":3.009999990463257,"z":0.005000591278076172},"rotation":{"x":0.06892558932304383,"y":0.016793549060821534,"z":-0.0014432474272325636,"w":0.9974794387817383},"size":7.332705497741699,"orthographic":false}