{"cameraMode":{"drawMode":0,"name":"Shaded","section":"Shading Mode"},"sceneLighting":false,"audioPlay":false,"sceneViewState":{"showFog":true,"showMaterialUpdate":false,"showSkybox":true,"showFlares":true,"showImageEffects":true,"showParticleSystems":true},"in2DMode":false,"pivot":{"x":-6.033308982849121,"y":17.632461547851564,"z":-2.8699989318847658},"rotation":{"x":0.15141169726848603,"y":0.4348224699497223,"z":-0.07436874508857727,"w":0.8845751881599426},"size":93.81971740722656,"orthographic":false}