{"cameraMode":{"drawMode":0,"name":"Shaded","section":"Shading Mode"},"sceneLighting":false,"audioPlay":false,"sceneViewState":{"showFog":true,"showMaterialUpdate":false,"showSkybox":true,"showFlares":true,"showImageEffects":true,"showParticleSystems":true},"in2DMode":false,"pivot":{"x":6.0,"y":3.009999990463257,"z":6.005000114440918},"rotation":{"x":0.09765224158763886,"y":0.15448080003261567,"z":-0.015261823311448098,"w":0.9830396175384522},"size":17.1949462890625,"orthographic":false}