{"cameraMode":{"drawMode":0,"name":"Shaded","section":"Shading Mode"},"sceneLighting":false,"audioPlay":false,"sceneViewState":{"showFog":true,"showMaterialUpdate":false,"showSkybox":true,"showFlares":true,"showImageEffects":true,"showParticleSystems":true},"in2DMode":false,"pivot":{"x":0.004999399185180664,"y":3.009999990463257,"z":6.005000114440918},"rotation":{"x":0.09297683835029602,"y":-0.0926012173295021,"z":-0.008536710403859616,"w":-0.991316020488739},"size":10.356125831604004,"orthographic":false}