{"cameraMode":{"drawMode":0,"name":"Shaded","section":"Shading Mode"},"sceneLighting":false,"audioPlay":false,"sceneViewState":{"showFog":true,"showMaterialUpdate":false,"showSkybox":true,"showFlares":true,"showImageEffects":true,"showParticleSystems":true},"in2DMode":false,"pivot":{"x":-0.025000333786010743,"y":4.759997844696045,"z":1.4999988079071046},"rotation":{"x":0.08236064016819,"y":-0.7987223267555237,"z":0.1120293140411377,"w":0.5854134559631348},"size":17.1663818359375,"orthographic":false}