{"cameraMode":{"drawMode":0,"name":"Shaded","section":"Shading Mode"},"sceneLighting":true,"audioPlay":false,"sceneViewState":{"showFog":true,"showMaterialUpdate":false,"showSkybox":true,"showFlares":true,"showImageEffects":true,"showParticleSystems":true},"in2DMode":false,"pivot":{"x":0.6043907403945923,"y":0.53496253490448,"z":0.8500000238418579},"rotation":{"x":-0.16500787436962129,"y":0.7458701133728027,"z":-0.20066314935684205,"w":-0.6133388876914978},"size":2.20866322517395,"orthographic":false}